precision,trace,eigenvalue,batch_size,learning_rate
2,0,0,512,0.0015625
3,0,0,512,0.0015625
4,0,0,512,0.0015625
5,0,0,512,0.0015625
6,0,0,512,0.0015625
7,0,0,512,0.0015625
8,0,0,512,0.0015625
9,0,0,512,0.0015625
10,0,0,512,0.0015625
11,0,0,512,0.0015625
