precision,net_efficiency,batch_size,learning_rate
2,,512,0.0015625
3,,512,0.0015625
4,,512,0.0015625
5,,512,0.0015625
6,,512,0.0015625
7,,512,0.0015625
8,,512,0.0015625
9,,512,0.0015625
10,,512,0.0015625
11,,512,0.0015625
